"pathway","pval","padj","log2err","ES","NES","size","leadingEdge","cohort"
"HALLMARK_INTERFERON_GAMMA_RESPONSE",6.74214528634368e-81,3.37107264317184e-79,2.35138729128213,0.861748139096915,3.12320052836911,198,"CD86;FCGR1A;PTPN6;IRF8;IRF5;VAMP8;HLA-DMA;FPR1;CD69;IL10RA;LCP2;HLA-DRB1;PSMB10;CSF2RB;CD74;CMKLR1;FGL2;HLA-DQA1;IL4R;CASP1;IL15;SAMHD1;CCL5;TNFSF10;C1S;RTP4;B2M;IL15RA;TRIM21;CASP4;MX2;ST8SIA4;CD40;GZMA;HLA-B;IL2RB;C1R;MVP;CCL2;PLSCR1;IFI35;GCH1;SLAMF7;EPSTI1;CASP8;PSMB8;CIITA;PSMB9;TNFAIP3;PTPN2;SP110;LAP3;SECTM1;IFITM2;FAS;LGALS3BP;IL6;SOD2;TAPBP;OAS2;OASL;TRIM14;NMI;IRF1;ZBP1;SERPING1;BST2;IFIT3;UBE2L6;NAMPT;HLA-A;IFITM3;VAMP5;IFIT2;UPP1;IRF2;NFKBIA;ICAM1;TNFAIP2;PSME1;APOL6;PSME2;WARS1;MARCHF1;ISG20;MYD88;IFI30;IDO1;CDKN1A;CXCL9;DHX58;CXCL10;HLA-G;XCL1;SOCS3;PIM1;NFKB1;ITGB7;PML;CD274;BANK1;CCL7;BATF2;PARP12;VCAM1;PARP14;STAT1;IFIH1;RSAD2;CMPK2;BTG1;STAT4;GBP4;MX1;CASP7;TAP1;CXCL11;IFI44;SAMD9L;LY6E;IRF7;HERC6;DDX60;JAK2;TDRD7;STAT3;MT2A;NLRC5;TRIM25;PTGS2;OAS3;RIPK1;NOD1;LYSMD2;PTPN1;IFNAR2;CFB;PLA2G4A;STAT2;RIPK2;IRF4;IFIT1;GBP6;PNP;TOR1B;IL18BP;ISG15;PELI1;IFI27;HIF1A;SOCS1;CFH;IFI44L;MTHFD2;SSPN;IL7;XAF1;PSMA3;ZNFX1;ARID5B;PSMB2;CD38;TXNIP;SPPL2A;ISOC1;LATS2;SLC25A28","TCGA-GBM"
"HALLMARK_ALLOGRAFT_REJECTION",1.32640316000623e-73,3.31600790001559e-72,2.24321898944966,0.843539716060332,3.05598172669351,200,"CD86;PTPN6;HLA-DMB;CTSS;ITGB2;CCR1;LY86;IRF8;GPR65;IL12RB1;IL18;CD4;NCF4;CCR5;HCLS1;FYB1;LYN;HLA-DMA;SRGN;WAS;TLR2;HLA-DOA;ITGAL;IL16;HLA-DRA;PTPRC;SPI1;LCP2;CAPG;PSMB10;NLRP3;CD74;IL10;TLR1;C2;IGSF6;HLA-DQA1;IL4R;CD1D;CD7;TLR6;IFNGR1;TLR3;HLA-E;IL15;FGR;CD2;CCL5;LY75;CD3G;CD96;MAP4K1;CD3D;B2M;CCR2;IL1B;ST8SIA4;CD40;GZMA;LCK;CD3E;TRAT1;CSF1;IL2RB;IL2RG;SIT1;CCL2;CRTAM;FASLG;ITK;TGFB1;GBP2;CCL4;PRF1;ELF4;FAS;FCGR2B;IL6;STAB1;TAPBP;IFNGR2;CXCR3;GZMB;CD80;LTB;TNF;CD8B;ICOSLG;HLA-A;CCL22;GCNT1;ICAM1;CD28;TIMP1;WARS1;HLA-DOB;CXCL9;HLA-G;CD247;IL2RA;CCL7;BCL3;STAT1;EREG;ABI1;CD8A;STAT4;CXCL13;CCL19;CSK;TAP1;TAP2;IRF7;PRKCB;JAK2;LIF;CD40LG;DEGS1;CD47;IL18RAP;IFNAR2;CCL13;NCR1;RIPK2;IRF4;TPD52;CCND3;KLRD1;CD79A;GALNT1;HIF1A;UBE2D1;SOCS1;IL27RA;ZAP70;NCK1;IL7;INHBA;THY1;DYRK3","TCGA-GBM"
"HALLMARK_INFLAMMATORY_RESPONSE",1.14705482221715e-70,1.91175803702858e-69,2.19657732659723,0.836140192692002,3.02909094685903,199,"C3AR1;PTAFR;CCRL2;MSR1;IL18;LYN;CSF3R;FPR1;TLR2;OLR1;EBI3;CD14;TNFRSF1B;CD69;ADGRE1;IL10RA;GPR132;PIK3R5;CYBB;LCP2;NLRP3;GNA15;CMKLR1;IL10;SELL;TLR1;GPR183;IL4R;RGS1;P2RX4;C5AR1;CD48;TLR3;IL15;CCL5;TNFSF10;SLAMF1;CD55;PTGER4;RTP4;IL15RA;PLAUR;IL1B;CD40;NOD2;LCK;OSM;CSF1;IL7R;RNF144B;IL2RB;AXL;IL1A;CCL2;RHOG;AQP9;GCH1;CCR7;IL1R1;IL6;STAB1;TAPBP;IFNGR2;NMI;IRF1;TNFSF9;PTGER2;BST2;SLC31A2;NAMPT;ICOSLG;CCL22;NFKBIA;ICAM1;APLNR;CHST2;TIMP1;TNFRSF9;CD70;IFITM1;CCL20;MEP1A;CDKN1A;CXCL9;CXCL10;IL18R1;SPHK1;NFKB1;BTG2;LAMP3;MARCO;CCL7;SEMA4D;EREG;SCN1B;TNFSF15;ABI1;CXCL6;KCNJ2;HBEGF;CLEC5A;HPN;BEST1;SERPINE1;HRH1;ITGA5;CXCL11;MEFV;KLF6;FFAR2;LY6E;IRF7;SGMS2;AHR;OSMR;MET;LIF;PDPN;SLC31A1;P2RY2;RGS16;IFNAR1;PTPRE;CSF3;IL18RAP;LPAR1;RIPK2;EMP3;DCBLD2;SELE;CXCL8;IRAK2;BDKRB1;NDP;SLC11A2;ITGB3;SCARF1;MMP14;TPBG;ATP2C1;HIF1A;PTGIR;INHBA;CXCR6;GPC3","TCGA-GBM"
"HALLMARK_TNFA_SIGNALING_VIA_NFKB",2.44480740331196e-62,3.05600925413995e-61,2.06037118005055,0.81558403071529,2.95462199453495,199,"PLEK;CCRL2;IL18;TLR2;OLR1;CD69;BCL2A1;KYNU;GPR183;MAP3K8;NINJ1;SAT1;CCL5;B4GALT1;TNFAIP8;PTGER4;IL15RA;PLAUR;IL1B;IER3;CSF1;IL7R;IL1A;CCL2;STAT5A;ETS2;CD83;CEBPB;SGK1;GCH1;TNFAIP3;DUSP1;CCL4;SQSTM1;SERPINB8;CD44;IL6;ZFP36;DRAM1;SOD2;IFNGR2;IRF1;JUNB;TNFSF9;RELB;CD80;TNF;PLAU;NAMPT;ICOSLG;LITAF;IFIT2;RNF19B;NFKBIA;GFPT2;ICAM1;BIRC3;CXCL2;CEBPD;TNFAIP2;TNFRSF9;NFKBIE;CCL20;CDKN1A;CXCL10;CLCF1;SPHK1;SOCS3;NFKB1;TIPARP;BTG2;DUSP2;FOS;BCL3;EGR2;ZC3H12A;IFIH1;CXCL6;BTG1;NFKB2;PFKFB3;FOSL2;HBEGF;KLF2;SERPINE1;TAP1;NFE2L2;CXCL11;TNIP1;KLF6;EGR3;RCAN1;PNRC1;PTX3;GEM;SPSB1;G0S2;BHLHE40;GADD45B;KLF4;TRIB1;LIF;CFLAR;CXCL1;MAP2K3;IL6ST;FOSL1;SDC4;PTGS2;PTPRE;IL23A;EGR1;NR4A3;CXCL3;SERPINB2;RIPK2;AREG;ATF3;TRAF1;MSC;MCL1;TANK;LAMB3;CCN1;FUT4;EIF1;INHBA;TNIP2;EFNA1;SLC2A3;TNC;IER2;ID2;JUN;NR4A2;IL12B;NFIL3;DNAJB4;BCL6;IER5;F3;RHOB;PPP1R15A;MXD1;ABCA1;CSF2;F2RL1;FOSB;SLC16A6;ACKR3;GADD45A;KLF10;REL;B4GALT5;MAFF;PHLDA2;RELA;TGIF1;TRIP10;PMEPA1","TCGA-GBM"
"HALLMARK_COMPLEMENT",6.83172704551013e-53,6.83172704551013e-52,1.89820520560154,0.78879197244744,2.85764120890486,200,"CTSS;C1QC;PLEK;C1QA;GNGT2;SERPINA1;LYN;WAS;C3;FCER1G;OLR1;CTSC;PIK3CG;PIK3R5;LCP2;APOC1;ITGAM;KYNU;CTSB;C2;CASP5;CTSH;LGMN;CASP1;CASP10;CTSL;PRKCD;APOBEC3G;CTSD;LIPA;CCL5;C1S;CD55;PLAUR;CASP4;CPM;GZMA;S100A9;LCK;C1R;GRB2;RHOG;PLSCR1;CD59;CEBPB;CP;PSMB9;TNFAIP3;LAP3;CPQ;SH2B3;PRSS36;GCA;APOBEC3F;IL6;IRF1;GZMB;GZMK;SERPING1;LAMP2;C4BPB;IRF2;CTSO;TIMP1;ATOX1;PLA2G7;PFN1;PIM1;GNAI2;PDGFB;CLU;ANG;CR1;FCN1;SPOCK2;LTF;CASP7;SERPINE1;LGALS3;F8;ADAM9;IRF7;TFPI2;CSRP1;STX4;JAK2;HSPA5;CD40LG;CXCL1;LTA4H;ME1;MSRB1;ERAP2;CFB;CA2;S100A12;SERPINB2;PLA2G4A;F5;FN1;GNB4;GATA3;MMP14;DPP4;FDX1;CFH;DOCK10;DOCK4;CD46;TIMP2;ADRA2B;CR2;CD36","TCGA-GBM"
"HALLMARK_IL2_STAT5_SIGNALING",4.94729179343391e-43,4.12274316119492e-42,1.70874828719195,0.755097347418538,2.73667017940896,198,"CD86;IRF8;GPR65;TLR7;BATF;SYNGR2;TNFRSF1B;SPP1;IL10RA;CAPG;CTSZ;FGL2;IL10;SELL;RHOH;MAP3K8;IL4R;P2RX4;CD48;IFNGR1;FAH;TNFSF10;TNFRSF8;CDCP1;CST7;DHRS3;CYFIP1;CSF1;IL2RB;ICOS;SMPDL3A;CD83;ANXA4;PLSCR1;GSTO1;CTLA4;GALM;TGM2;CD44;PTGER2;LTB;SLC39A8;IFITM3;LRRC8C;CCR4;TNFRSF9;PRKCH;NFKBIZ;EOMES;SWAP70;CXCL10;SNX9;IL18R1;PLAGL1;PIM1;SERPINB6;FURIN;MAPKAPK2;CD81;IL2RA;NRP1;SLC1A5;TWSG1;ITGAV;PLIN2;GBP4;APLP1;PLPP1;RNH1;MUC1;KLF6;CDC42SE2;BHLHE40;XBP1;AHR;GADD45B;PRNP;BCL2L1;LIF;ECM1;RGS16;CA2;IRF4;NDRG1;CCND3;AMACR;HK2;MYO1C;IL1R2;MYO1E;PNP;TRAF1;EMP1;SOCS1;TNFRSF18;PRAF2;GABARAPL1;GPX4;S100A1;CD79B;TNFSF11;ENPP1;SLC2A3;F2RL2;CISH;NFIL3;BATF3;CKAP4;IRF6;RHOB;MXD1;CSF2;ITGA6;PLEC;TIAM1;ST3GAL4;MAFF;P4HA1;TNFRSF21;ALCAM;ITGAE;SCN9A;BMP2;TTC39B;CDKN1C;DRC1;ABCB1;BCL2;CAPN3;GUCY1B1","TCGA-GBM"
"HALLMARK_EPITHELIAL_MESENCHYMAL_TRANSITION",2.62321487377958e-39,1.87372490984256e-38,1.63441895776255,0.741350662372856,2.68577049088408,200,"SPP1;CAPG;FUCA1;SAT1;IL15;DAB2;PLAUR;GLIPR1;COL8A2;CD59;TGFB1;TNFAIP3;TGM2;CD44;FAS;WIPF1;IL6;IL32;ITGB5;TIMP1;CXCL12;GREM1;WNT5A;NNMT;TNFRSF11B;DKK1;TGFBI;VCAM1;CXCL6;EDIL3;ITGAV;APLP1;MYLK;LUM;SERPINE1;COLGALT1;ITGA5;PTX3;MYL9;GEM;MFAP5;TFPI2;COL1A1;ITGB1;GADD45B;LGALS1;IGFBP4;FAP;SPARC;ABI3BP;ACTA2;MXRA5;CXCL1;ECM1;ECM2;SDC4;ANPEP;FOXC2;VIM;HTRA1;MGP;PRRX1;FBLN5;PMP22;AREG;EMP3;FN1;COL1A2;LOX;LRRC15;SNAI2;CXCL8;COL6A3;COL3A1;TAGLN;BGN;ITGB3;DCN;MMP14;QSOX1;CALD1;CCN1;VEGFC;PDLIM4;THBS1;EFEMP2;INHBA;SCG2;PLOD2;SPOCK1;THY1;TPM4;TNFRSF12A;FSTL1;FMOD;PPIB;TNC;ID2;SLIT3;MMP1;JUN;ADAM12;SDC1;CALU;FBLN1;PLOD3;PLOD1;CCN2;PCOLCE;LOXL1;GJA1;LOXL2;COL5A1;FSTL3;DPYSL3;RHOB;TPM1;TPM2;FGF2;MMP3;BASP1;SERPINH1;RGS4;SFRP4;P3H1;COL6A2;GADD45A;BMP1;GPC1;FBLN2;CAP2;MSX1;PMEPA1;IGFBP3;FLNA;SGCB;ITGA2;PTHLH;CTHRC1;PFN2;CDH11;SLIT2;COL5A2;CADM1;COL12A1;FZD8;OXTR;PCOLCE2;SLC6A8;COMP;MMP2;POSTN","TCGA-GBM"
"HALLMARK_KRAS_SIGNALING_UP",1.19927085929491e-38,7.49544287059317e-38,1.61530228892975,0.738335739746493,2.67484800759356,200,"C3AR1;LAT2;CTSS;LAPTM5;ITGB2;IRF8;IKZF1;CSF2RA;LCP1;FCER1G;TNFRSF1B;SPP1;IL10RA;TLR8;ST6GAL1;CMKLR1;DOCK2;CD37;LY96;MAFB;FUCA1;GLRX;PDCD1LG2;MAP4K1;CLEC4A;GYPC;PLAUR;IL1B;IL7R;IL2RG;CXCR4;EPB41L3;GPNMB;PSMB8;TNFAIP3;PRDM1;PECAM1;TMEM176B;PLAU;MMD;ENG;F13A1;GFPT2;BIRC3;PLEK2;HSD11B1;CCL20;TMEM176A;CXCL10;SLPI;RBP4;NRP1;RETN;PIGR;ANKH;EREG;SCN1B;VWA5A;HBEGF;CROT;MAP7;TSPAN1;BTC;G0S2;KCNN4;KLF4;PLVAP;ALDH1A3;TRIB1;LIF;SERPINA3;ADAM8;ADAMDEC1;PTGS2;RGS16;PRRX1;CFB;CA2;DCBLD2;TRAF1;ALDH1A2;EMP1;CFH;HKDC1;SEMA3B;MMP10;IL1RL2;MALL;IL33;INHBA;GUCY1A1;MPZL2;APOD;ID2;ITGBL1;MMP9;FBXO4;TSPAN13;MTMR10;ACE;PPP1R15A;ADGRL4;CSF2;F2RL1;NGF;ERO1A;MMP11;ATG10;ANGPTL4;TMEM158;SCG5;PCP4;SDCCAG8;IGFBP3;ETV5;BMP2;TFPI;JUP;GNG11;ABCB1;ITGA2;ADGRA2;PPBP;NAP1L2;CPE","TCGA-GBM"
"HALLMARK_INTERFERON_ALPHA_RESPONSE",1.45499273825322e-38,8.08329299029566e-38,1.61530228892975,0.854155627233926,2.94545303953633,97,"CCRL2;CD74;SELL;IL4R;CASP1;IL15;C1S;RTP4;B2M;TRIM21;CSF1;PROCR;PLSCR1;IFI35;PARP9;LPAR6;EPSTI1;CASP8;PSMB8;HLA-C;PSMB9;GBP2;SP110;LAP3;UBA7;IFITM2;LGALS3BP;OASL;TRIM14;NMI;IRF1;OAS1;BST2;IFIT3;UBE2L6;ELF1;IFITM3;IFIT2;IRF2;PSME1;PSME2;WARS1;IFITM1;TMEM140;ISG20;IFI30;DHX58;CXCL10;LAMP3;BATF2;PARP12;PARP14;SAMD9;IFIH1;RSAD2;CMPK2;GBP4;MX1;TAP1;CXCL11;IFI44;NCOA7;SAMD9L;LY6E;IRF7;HERC6;DDX60;TDRD7;TRIM25;CD47;TRIM5;STAT2;RIPK2;ISG15;IFI27;NUB1;IFI44L;IL7;GMPR;CNP;PSMA3;TXNIP","TCGA-GBM"
"HALLMARK_APOPTOSIS",4.22429860786875e-36,2.11214930393438e-35,1.56318197862453,0.756049363703303,2.70451894980344,161,"IL18;PLCB2;CD14;CD69;GNA15;GPX1;CASP1;SAT1;IFNGR1;CD2;TNFSF10;CASP4;IL1B;IER3;GSN;IL1A;HMOX1;FASLG;GCH1;CASP8;BMF;SQSTM1;TSPO;PRF1;CD44;DPYD;FAS;IL6;SOD2;IRF1;TNF;PPT1;IFITM3;BIRC3;IGFBP6;TIMP1;ISG20;CDKN1A;PAK1;BTG2;BCAP31;CLU;ANKH;EREG;ANXA1;LUM;CASP7;TAP1;HSPB1;BAX;LGALS3;EGR3;SMAD7;DAP;CYLD;GADD45B;BCL2L1;RNASEL;ETF1;CASP6;GPX3;CFLAR;RETSAT;DAP3;HGF;ATF3;BGN;DCN;LEF1;EMP1;MCL1;TIMP2;FDXR;APP;GPX4;GUCY2D;GSR;TNFRSF12A;SLC20A1;SOD1;CTNNB1;CAV1;KRT18;JUN;PDCD4;CD38;TXNIP;PMAIP1;MGMT;PPP3R1;BID;AVPR1A;BCL10;RHOB;DNAJC3;H1-0;GADD45A;NEFH;CASP9;PEA15;PSEN1;RELA","TCGA-GBM"
"HALLMARK_P53_PATHWAY",2.99907903759887e-33,1.36321774436312e-32,1.50238688881415,0.713217638597496,2.58377854706435,199,"VAMP8;DEF6;CEBPA;RHBDF2;IRAG2;ST14;FUCA1;NINJ1;CASP1;SAT1;CTSD;GM2A;IER3;PLK3;VDR;STOM;IL1A;MAPKAPK3;PROCR;HMOX1;TGFB1;S100A4;TCHH;FAS;DRAM1;TNFSF9;STEAP3;UPP1;RNF19B;NUPR1;IRAK1;S100A10;IFI30;TCN2;CDKN1A;CLCA2;SPHK1;ISCU;CD81;BTG2;FOS;SERTAD3;ALOX15B;H2AJ;RAP2B;BTG1;EPHX1;VWA5A;CCNG1;HBEGF;ZFP36L1;BAK1;TAP1;SESN1;BAX;TPD52L1;DGKA;RB1;KLF4;RPS27L;PHLDA3;TM7SF3;LIF;TGFA;SFN;RGS16;PTPRE;RETSAT;DDB2;PLXNB2;ITGB4;NDRG1;ATF3;CCND3;HDAC3;ZMAT3;SOCS1;OSGIN1;HINT1;FDXR;APP;ABHD4;SEC61A1;ADA;CD82;JUN;RRAD;EPS8L2;RPS12;SDC1;PRKAB1;TXNIP;TOB1;TRIAP1;KRT17;TM4SF1;IER5;HEXIM1;ZNF365;MDM2;PPP1R15A;PMM1;RXRA;MXD1;PRMT2;PERP;CDKN2B;RCHY1;GADD45A;TP63;CDKN2A;DDIT4;BAIAP2;BMP2;XPC;CDKN2AIP;AK1;DDIT3;PLK2;AEN;RACK1;MXD4;KIF13B;EI24;HRAS;KLK8;EPHA2;TPRKB;CTSF;JAG2;NUDT15;FGF13","TCGA-GBM"
"HALLMARK_IL6_JAK_STAT3_SIGNALING",4.13519736374098e-33,1.72299890155874e-32,1.49547932629977,0.84633070196821,2.88880793808919,87,"CCR1;IL12RB1;CSF2RA;CSF3R;TLR2;EBI3;CD14;TNFRSF1B;PIK3R5;CSF2RB;MAP3K8;IL4R;IFNGR1;IL13RA1;A2M;IL15RA;LTBR;IL17RA;IL1B;CSF1;IL2RG;GRB2;HMOX1;TGFB1;PTPN2;IL1R1;CD44;FAS;IL6;TNFRSF1A;IFNGR2;IRF1;LTB;TNF;MYD88;CXCL9;CXCL10;IL18R1;SOCS3;PIM1;IL2RA;CCL7;STAT1;CXCL13;BAK1;CXCL11;PLA2G2A;OSMR;STAT3;CXCL1;IL9R;IL6ST;IFNAR1;PTPN1;CXCL3;STAT2;ITGA4;IL1R2;ITGB3;SOCS1;IL7;CD36;TNFRSF12A;JUN;LEPR;CD38","TCGA-GBM"
"HALLMARK_HYPOXIA",3.10656644011621e-31,1.19483324619854e-30,1.45334466856494,0.702534140694803,2.54507536420019,199,"SLC2A5;FBP1;AMPD3;GLRX;GAA;PLAUR;IER3;CXCR4;HMOX1;CP;TNFAIP3;DUSP1;TGM2;S100A4;IL6;ZFP36;TES;NAGK;CHST2;ANXA2;ISG20;SDC2;CDKN1A;HEXA;PIM1;PLAC8;TIPARP;PDGFB;FOS;TGFBI;BTG1;PFKFB3;FOSL2;PLIN2;SELENBP1;SERPINE1;UGP2;TPST2;KLF6;PNRC1;MYH9;BHLHE40;HSPA5;CAVIN3;PGM2;CASP6;MT2A;CITED2;PAM;P4HA2;SDC4;SLC6A6;HAS1;HK1;GPC4;TPD52;NDRG1;ATF3;LOX;CSRP2;TGFB3;GALK1;HK2;CA12;CAVIN1;BGN;DCN;LDHA;TPBG;PDK3;CCN1;LXN;SCARB1;KDELR3;GPC3;STBD1;EFNA1;SLC2A3;CAV1;JUN;PFKL;SAP30;TKTL1;CCN2;NFIL3;STC1;COL5A1;F3;GBE1;VLDLR;PPP1R15A;HS3ST1;MT1E;IGFBP1;ERO1A;SRPX;PHKG1;ACKR3;SLC25A1;DTNA;ANGPTL4;SLC37A4;NDST1;GPC1;HOXB9;MAFF;P4HA1;ERRFI1;SIAH2;PGK1;CHST3;DDIT4;PRDX5;IGFBP3;TPI1;CDKN1C;BCL2;BNIP3L;HDLBP;DDIT3;NR3C1","TCGA-GBM"
"HALLMARK_XENOBIOTIC_METABOLISM",7.50223429160201e-31,2.67936938985786e-30,1.44620288250144,0.700614873393105,2.53812242107058,199,"IRF8;FBP1;PSMB10;KYNU;SPINT2;NINJ1;MAN1A1;FAH;VNN1;IGF1;CYP2S1;ETS2;AQP9;HMOX1;GCH1;GSTO1;IL1R1;CAT;FAS;TNFRSF1A;NQO1;TMEM176B;PROS1;CNDP2;BLVRB;DHRS7;UPP1;APOE;SLC46A3;TDO2;ACP2;CYP27A1;HSD11B1;RBP4;SLC1A5;SSR3;PDK4;ABCC3;EPHX1;TPST1;CROT;SERPINE1;GSTM4;HPRT1;PAPSS2;PTGES;NPC1;PPARD;ASL;IGFBP4;CASP6;MT2A;SLC6A6;ALDH2;RETSAT;GCKR;AKR1C3;PTGDS;DHRS1;CFB;CA2;IDH1;TMBIM6;SERTAD1;PTGR1;ALDH9A1;CES1;NMT1;ALDH3A1;CYP2J2;GABARAPL1;CYB5A;GSS;ACOX2;FMO3;CD36;GCLC;GSR;LPIN2;FETUB;ELOVL5;COMT;CBR1;SAR1B;ABHD6;ID2;ATOH8;ADH7;FBLN1;CDA;XDH;MCCC2;ACO2;AOX1;PMM1;ENPEP;IGFBP1;ESR1;PGD;PTGES3;PINK1;PGRMC1;ETFDH;SLC6A12;ADH5;ACP1;PC;TKFC;ARG2;POR;CDO1;SMOX;ECH1;JUP;MAOA","TCGA-GBM"
"HALLMARK_ADIPOGENESIS",6.40551742506118e-30,2.13517247502039e-29,1.41727590263607,0.695887885369209,2.52106761664745,200,"C3;SQOR;PPARG;IFNGR1;LTC4S;FAH;STOM;SLC66A3;STAT5A;UCP2;CAT;NABP1;ENPP2;DHRS7;APOE;CD302;DRAM2;PRDX3;RETN;ECHS1;SLC1A5;QDPR;TALDO1;PFKFB3;PLIN2;ATP1B3;MYLK;ESYT1;TKT;APLP2;GPX3;COL15A1;REEP5;PIM3;CHCHD10;SCP2;ME1;ALDH2;SULT1A1;GHITM;RETSAT;CMBL;PREB;SDHC;CD151;IDH1;CAVIN1;NMT1;VEGFB;MGST3;UQCR10;CMPK1;TANK;ACADS;GPX4;ANGPT1;AK2;SSPN;CD36;ARAF;SCARB1;PHYH;LPCAT3;UBC;ETFB;ORM1;SOD1;RREB1;ACAA2;DECR1;PFKL;PDCD4;MTCH2;RIOK3;TOB1;HSPB8;JAGN1;CHUK;BCL6;DNAJC15;ACO2;ADIPOR2;AGPAT3;GBE1;HADH;ABCA1;BCL2L13;SDHB;MGLL;SLC25A1;RNF11;ANGPTL4;ACADM;GADD45A;ADIG;ITGA7;DNAJB9;GRPEL1;SNCG;DLD;IDH3G;FABP4;CRAT;CPT2;UQCRQ;YWHAG;NDUFS3;POR;EPHX2;ECH1;CIDEA;AIFM1;PEX14;RAB34;COX7B;DHRS7B;TST;ALDOA;SORBS1;G3BP2;ESRRA;ELOVL6;IMMT;MDH2;COL4A1;LAMA4;UQCR11;FZD4;SPARCL1;CCNG2;IDH3A;PTGER3;COQ5;SAMM50;MRPL15;SLC27A1;RMDN3;NDUFA5;REEP6;PPM1B;ATP5PO","TCGA-GBM"
"HALLMARK_ESTROGEN_RESPONSE_EARLY",4.37350158119863e-28,1.36671924412457e-27,1.37274298193398,0.683798456812232,2.47826436138526,198,"OLFML3;ALDH3B1;B4GALT1;DHRS3;SCNN1A;MICB;ZNF185;TGM2;CD44;MYOF;DEPTOR;ELF1;GLA;CALCR;BLVRB;PLAAT3;UGCG;CXCL12;TTC39A;CLDN7;TIPARP;FCMR;PRSS23;FOS;MREG;MLPH;NBL1;DYNLT3;PPIF;AQP3;ENDOD1;CHPT1;MUC1;EGR3;PAPSS2;SNX24;TPD52L1;PTGES;BHLHE40;XBP1;RETREG1;JAK2;IGFBP4;KLF4;P2RY2;IL6ST;SFN;RAB31;SEC14L2;AREG;PODXL;FKBP5;SH3BP5;OPN3;KLK10;CA12;RAB17;TPBG;RHOD;FHL2;PGR;SEMA3B;SLC26A2;KRT8;SCARB1;MINDY1;CANT1;ELOVL5;TFAP2C;CISH;KRT18;ELF3;LAD1;TOB1;HSPB8;GJA1;BAG1;PMAIP1;WFS1;SLC27A2;WWC1;ADD3;TMPRSS3;SYT12;KCNK15;CELSR1;CBFA2T3;SLC7A5;TIAM1;KLF10;CALB2;AFF1;SLC37A1;PDLIM3;SIAH2;SVIL;NRIP1;FOXC1;RPS6KA2;ASB13;SYBU;SLC22A5;TFF3;UNC119;KRT13;NCOR2;BCL2;ISG20L2;NADSYN1;NPY1R;TBC1D30;ANXA9;AR;TMEM164;MYC;TSKU","TCGA-GBM"
"HALLMARK_MTORC1_SIGNALING",7.23715231168949e-28,2.12857420932044e-27,1.37274298193398,0.684833264154344,2.48095027447385,199,"ITGB2;DAPP1;CORO1A;SLA;CTSC;FGL2;LGMN;GLRX;CXCR4;SQSTM1;M6PR;TES;SKAP2;NAMPT;GLA;NUPR1;WARS1;IFI30;CDKN1A;BTG2;SLC1A5;ACTR3;QDPR;G6PD;ACTR2;CCNG1;NIBAN1;HPRT1;GGA2;BHLHE40;XBP1;SDF2L1;HSPA5;ETF1;TXNRD1;PRDX1;PPA1;MAP2K3;LTA4H;ME1;EDEM1;SLC6A6;SYTL2;PSMC2;SERP1;IDH1;HK2;RAB1A;SEC11A;UBE2D3;PNP;CALR;NMT1;TUBA4A;LDHA;RPN1;ATP6V1D;FDXR;MTHFD2;GCLC;PLOD2;GSR;ELOVL5;SLC2A3;PSMA3;PFKL;PNO1;HSP90B1;NFIL3;STC1;CANX;PSMD13;CYB5B;ADIPOR2;ARPC5L;GBE1;VLDLR;ADD3;PPP1R15A;YKT6;PSMG1;ERO1A;SERPINH1;PSMA4;RIT1;SRD5A1;SLC7A5;SLC37A4;USO1;SSR1;P4HA1;SORD;NFKBIB;EEF1E1;PGK1;PSME3;PITPNB;TBK1;DDIT4;GTF2H1;PPIA;STARD4;SCD;PSMC4;TPI1;TFRC;GOT1;HSPE1;HSPA4;DDIT3;POLR3G;PDAP1;DHCR24;ABCF2;PSMD14;UFM1;GAPDH;EGLN3;EIF2S2;ALDOA;HMBS;PSPH;RPA1;PSMD12;IFRD1;ELOVL6;COPS5;IMMT","TCGA-GBM"
"HALLMARK_ESTROGEN_RESPONSE_LATE",1.26493734285099e-27,3.51371484125275e-27,1.36517960216169,0.680903977406331,2.46777401136334,198,"PTPN6;SERPINA1;BATF;ST14;ALDH3B1;S100A9;SCNN1A;SGK1;MICB;MAPK13;CD44;SNX10;MYOF;ZFP36;SLC29A1;GLA;CALCR;BLVRB;PLAAT3;CXCL12;ISG20;SERPINA5;PRSS23;DUSP2;FOS;NBL1;LTF;DYNLT3;CXCL14;PPIF;IMPA2;CHPT1;HPRT1;EGR3;ASS1;PAPSS2;TPD52L1;PTGES;TFPI2;XBP1;JAK2;IGFBP4;KLF4;SERPINA3;IL6ST;SFN;CA2;RAB31;AREG;FKBP5;PRLR;OPN3;KLK10;CA12;LLGL2;FABP5;TPBG;EMP2;DNAJC1;PGR;CYP4F11;SEMA3B;ACOX2;SLC26A2;GALE;SCARB1;ETFB;ELOVL5;TFAP2C;CAV1;CISH;ID2;PDCD4;TSPAN13;TOB1;GAL;HSPB8;BAG1;WFS1;SLC27A2;ADD3;SLC2A8;GFUS;MOCS2;PERP;TMPRSS3;ST6GALNAC2;SLC7A5;TIAM1;COX6C;SCUBE2;AFF1;PDLIM3;SORD;SIAH2;NRIP1;ALDH3A2;PCP4;FOXC1;GPER1;RPS6KA2;MDK;TPSAB1;IGSF1;SLC22A5;TFF3;ATP2B4;KRT13;NCOR2;BCL2;TRIM29;PRKAR2B;NPY1R;CPE","TCGA-GBM"
"HALLMARK_COAGULATION",5.28524301615176e-27,1.39085342530309e-26,1.34992572002205,0.730205325410041,2.59528610162435,138,"PLEK;C1QA;SERPINA1;C3;OLR1;APOC1;CTSB;C2;CTSH;LGMN;APOC2;A2M;C1S;CFD;GSN;C1R;CFI;CPQ;THBD;PECAM1;SERPING1;LAMP2;PLAU;PROS1;MMP7;CTSO;TIMP1;MEP1A;TF;FURIN;ISCU;PRSS23;PDGFB;CLU;ANG;LEFTY2;ANXA1;HPN;SERPINE1;MSRB2;F8;ADAM9;TFPI2;CSRP1;WDR1;SPARC;LTA4H;HTRA1;CFB;SERPINB2;FN1;RAC1;ITGB3;MMP14;FGG;DPP4;CFH;ARF4;THBS1;MMP10;ACOX2;S100A1;DUSP14;F2RL2;MMP9;GNG12;MMP1;PEF1;CTSK;F3;MMP3;MMP8;GNB2;S100A13;MMP11;CAPN5;BMP1;CASP9;MAFF;CAPN2;GDA;RABIF;RGN;PF4;PROC;ITGA2","TCGA-GBM"
"HALLMARK_OXIDATIVE_PHOSPHORYLATION",2.50948471112942e-25,6.27371177782356e-25,1.30309315086572,0.670248824449502,2.42818224306226,200,"TCIRG1;ATP6V0E1;ISCU;PRDX3;ECHS1;PDK4;MAOB;CASP7;BAX;NQO2;ATP6AP1;ATP6V0B;ATP6V1E1;COX17;HCCS;NDUFB3;ATP6V1F;RETSAT;CYB5R3;HADHB;ACAA1;SDHC;MTRR;NDUFA1;IDH1;OXA1L;COX7C;MGST3;LDHA;UQCR10;ATP5F1E;MDH1;FDX1;VDAC1;COX7A2L;CYB5A;ATP6V1D;GPX4;SURF1;PHYH;ATP5PD;HADHA;NDUFS6;ETFB;OGDH;NDUFC1;SLC25A6;ATP6V1H;NDUFA2;ACAA2;DECR1;NDUFB2;ATP5MC3;SLC25A20;SDHD;PDP1;NDUFB5;ATP5PB;ACADVL;ACO2;ATP5PF;ATP1B1;COX15;MRPL34;SDHB;ACADSB;MRPS15;ATP6V1G1;COX4I1;TIMM17A;ATP6V1C1;SLC25A5;ACADM;ATP5MG;ACAT1;NDUFB4;NDUFA8;COX6C;ETFDH;NDUFS8;GRPEL1;ATP5MC2;DLD;PDHB;IDH3G;UQCRB;CPT1A;GOT2;HSD17B10;DLST;COX5A;UQCRQ;ATP5MF;TOMM22;NDUFS3;POR;NDUFB8;NDUFB1;ECH1;TIMM10;NDUFA3;SLC25A11;BDH2;NDUFB6;OAT;NDUFA6;COX6B1;AIFM1;TIMM9;ALAS1;CYCS;ETFA;COX7B;HTRA2;MPC1;NDUFS4;ATP5ME;MRPS12;NDUFC2;IMMT;MDH2;ATP5F1C;SLC25A3;ATP5F1A;UQCR11;VDAC2;IDH3A;ISCA1;NDUFS2;MRPL15;FXN;NDUFA4;PHB2;NDUFA5;ATP5MC1;ATP5PO","TCGA-GBM"
"HALLMARK_GLYCOLYSIS",1.17899993806281e-23,2.80714270967336e-23,1.26273988547916,0.660398583389881,2.39243058490514,199,"IL13RA1;GLRX;B4GALT1;IER3;CXCR4;CD44;AKR1A1;DSC2;SLC16A3;MERTK;CHST2;ISG20;SDC2;PYGL;TGFBI;ANG;PKM;GNPDA1;G6PD;TALDO1;TPST1;AK3;LHPP;UGP2;ME2;GUSB;B3GAT3;HSPA5;PGM2;MET;CASP6;CITED2;TGFA;PAM;P4HA2;ME1;GPC4;SDHC;B4GALT7;GALK1;IDH1;HK2;ALDH9A1;DCN;SRD5A3;LDHA;TPBG;MDH1;PDK3;QSOX1;CYB5A;GCLC;GALE;TXN;KDELR3;EXT2;PLOD2;GPC3;GLCE;CHST6;CLN6;SOD1;CHPF2;ELF3;CHST1;SDC1;SAP30;TKTL1;PLOD1;STC1;MPI;GMPPA;COL5A1;VLDLR;GFUS;ALG1;HS2ST1;B4GALT4;ERO1A;RBCK1;ANGPTL4;SLC37A4;CAPN5;PRPS1;GPC1;P4HA1;DLD;PGK1;GAL3ST1;PC;PGLS;NDUFV3;DDIT4;GOT2;PPP2CB;PPIA;IGFBP3;ECD;PSMC4;TFF3;TPI1;POLR3K;GOT1;GMPPB;CHPF;HDLBP;PKP2;MXI1;EGLN3;RPE;ALDOA;GYS1;PGAM1;NOL3;IRS2;NSDHL;SLC25A13;MDH2","TCGA-GBM"
"HALLMARK_UV_RESPONSE_UP",1.34154024082391e-23,3.04895509278162e-23,1.25451347943706,0.689197918788603,2.4637586810531,158,"LYN;CREG1;PRKCD;HTR7;MGAT1;ARRB2;HLA-F;NAT1;HMOX1;GCH1;SQSTM1;RAB27A;TCHH;IL6;SOD2;IRF1;JUNB;PPT1;C4BPB;SPR;NFKBIA;ICAM1;CXCL2;CYB5R1;FURIN;BTG2;FOS;BTG1;EPHX1;BAK1;PPIF;TAP1;AQP3;UROD;GPX3;IL6ST;GRINA;SULT1A1;ATP6V1F;ACAA1;CA2;DNAJB1;ATF3;CCND3;TMBIM6;PPP1R2;MMP14;TUBA4A;RPN1;PRKACA;AP2S1;AMD1;EIF2S3;CNP;HSPA2;RRAD;GAL;HYAL2;CYB5B;BID;RHOB;YKT6;CLTB;ATP6V1C1;FOSB;CDKN2B;NPTX2;PDLIM3;GRPEL1;SLC6A12;MSX1;STARD3;MRPL23;BMP2;CDKN1C;TFRC;CDO1;PSMC3;ABCB1;MAOA;PDAP1;DNAJA1;EPCAM;BCL2L11;POLE3;PLCL1;ALAS1;MARK2;CASP3;TST;ALDOA;SLC6A8","TCGA-GBM"
"HALLMARK_FATTY_ACID_METABOLISM",6.03237857611056e-22,1.31138664698056e-21,1.21254456769062,0.67808620848132,2.42423432462304,157,"ACSL1;CD1D;LTC4S;VNN1;IL4I1;ACSL5;ACSL4;HSD17B11;YWHAH;UBE2L6;TDO2;HMGCL;PSME1;S100A10;ALAD;ECHS1;PRDX6;EPHX1;TP53INP2;SUCLG2;CRYZ;G0S2;ERP29;ALDH1A1;UROD;LGALS1;PCBD1;GLUL;HCCS;HSD17B4;ME1;RETSAT;HADHB;ACAA1;CA2;SDHC;INMT;OSTC;IDH1;CPOX;ALDH9A1;LDHA;ALDH3A1;MDH1;ACADS;GABARAPL1;CD36;BLVRA;ELOVL5;CBR1;ACAA2;UROS;DECR1;ACSM3;ADH7;SERINC1;SDHD;GPD1;AOC3;ACADVL;RAP1GDS1;ACO2;ADIPOR2;SMS;HADH;HSD17B7;ECI2;MGLL;ACADM;HSDL2;CBR3;ETFDH;DLD;ALDH3A2;PDHB;IDH3G;CPT1A;METAP1;HSD17B10;CRAT;CPT2;HPGD;DLST;AUH;SLC22A5;HSP90AA1;ECH1;MAOA;CA4;DHCR24;CIDEA;APEX1;ADH1C","TCGA-GBM"
"HALLMARK_MYOGENESIS",3.28225466352619e-21,6.8380305490129e-21,1.19534448258848,0.638989934583172,2.31586656329091,198,"SYNGR2;ACSL1;GAA;TNNI2;IGF1;CFD;LSP1;GSN;TGFB1;BIN1;NQO1;TPM3;ITGB5;APLNR;BDKRB2;CDKN1A;IGFBP7;MEF2C;SPHK1;WWTR1;LDB3;CLU;HBEGF;FLII;MYLK;GJA5;MYH9;ATP6AP1;TPD52L1;COL1A1;BHLHE40;MYBPH;MEF2A;ITGB1;GADD45B;PRNP;RB1;SPARC;SOD3;GPX3;COL15A1;MYOZ1;OCEL1;CTF1;PLXNB2;ITGB4;AEBP1;MYO1C;MYBPC3;COL6A3;MB;COL3A1;TAGLN;RYR1;APP;SSPN;TEAD4;CD36;PDLIM7;SLN;CHRNA1;CRYAB;APOD;MAPRE3;FST;CHRNB1;COX6A2;ADAM12;HSPB8;BAG1;FABP3;TPM2;FGF2;KIFC3;CNN3;ACTC1;RIT1;MYL3;MYL4;DTNA;COL6A2;ITGA7;NOS1;MRAS;MEF2D;SVIL;DAPK2;DENND2B;PC;CRAT;MYOM1;IGFBP3;SCD;GABARAPL2;PICK1;CASQ2;SH3BGR;AK1;FKBP1B;HSPB2;SORBS3;KLF5;HRC;SLC6A8;SORBS1;COX7A1;IFRD1;TNNC1","TCGA-GBM"
"HALLMARK_APICAL_JUNCTION",6.02884986975728e-21,1.20576997395146e-20,1.18665095279281,0.637159756400496,2.30547557508393,197,"CD86;SYK;FYB1;PTPRC;RAC2;B4GALT1;LDLRAP1;VASP;MAPK13;CAP1;PECAM1;CLDN11;YWHAH;SKAP2;ARPC2;ICAM1;LAYN;RRAS;EPB41L2;ACTB;PFN1;CLDN7;GNAI2;TNFRSF11B;CD274;TGFBI;MSN;CD99;VCAM1;ALOX15B;NECTIN4;SHC1;CERCAM;SIRPA;MYL12B;MYH9;ADAM9;MYL9;ACTN1;AMIGO2;ITGB1;STX4;NECTIN2;RSU1;ICAM2;ITGB4;ITGA3;TRAF1;ACTG1;CD34;ACTG2;LAMB3;CNN2;CTNNA1;ZYX;CD276;THY1;MPZL2;TSPAN4;NEXN;MMP9;CD209;NFASC;ARHGEF6;MAP3K20;CADM3;ADRA1B;HADH;ADAM15;DMP1;NRAP;MAPK14;ACTC1;VCL;PTEN;PARVA;IKBKG;MPZL1;BMP1;CALB2;FLNC;ITGA9;CX3CL1;PPP2R2C;GNAI1;EVL;CRAT;BAIAP2;GAMT;MDK;JUP;ITGA2;ACTN4;CDH11;SORBS3;SLIT2;PIK3CB","TCGA-GBM"
"HALLMARK_HEME_METABOLISM",1.87779564815129e-20,3.61114547721402e-20,1.16906996676109,0.636751839766578,2.30676536075004,199,"C3;MPP1;CTSB;GYPC;TAL1;PDZK1IP1;UCP2;TRIM58;ELL2;HTATIP2;MARCHF2;CAT;ERMAP;CLIC2;LAMP2;ACP5;BLVRB;CCDC28A;SNCA;SLC10A3;CAST;HEBP1;NCOA4;BMP2K;ATG4A;GCLM;BTG2;ALAD;SLC22A4;SELENBP1;SLC30A1;AQP3;LRP10;RNF19A;ENDOD1;ACKR1;GDE1;PICALM;SDCBP;UROD;ADIPOR1;NFE2L1;YPEL5;MOCOS;MAP2K3;P4HA2;TENT5C;TRAK2;CA2;OPTN;CCND3;FECH;NFE2;CPOX;SLC11A2;NEK7;LMO2;MGST3;TMEM9B;SLC66A2;GCLC;CTNS;BLVRA;LPIN2;UROS;SIDT2;RIOK3;SLC25A37;USP15;MINPP1;HBD;MOSPD1;DMTN;MYL4;CIR1;FBXO7;H1-0;BCAM;BACH1;FN3K;XK;PC;PGLS;RHCE;EPOR;ANK1;SPTA1;TFRC;SMOX;KLF3;BNIP3L;NR3C1;FBXO9;SLC25A38;KLF1;MXI1;RHAG;HAGH;TOP1;HTRA2;MARCHF8;HMBS;GLRX5;SLC6A8;DCUN1D1;UBAC1;NUDT4;EIF2AK1;OSBP2;GYPE;ISCA1;HBB;KHNYN;BPGM;SLC7A11;SLC6A9;TRIM10;DCAF11;MFHAS1;SEC14L1;TSPAN5;HDGF","TCGA-GBM"
"HALLMARK_ANDROGEN_RESPONSE",7.61816257184554e-15,1.41077084663806e-14,0.986546283587582,0.68516253953918,2.37136128629361,100,"SAT1;B4GALT1;TNFAIP8;B2M;SGK1;ELL2;MAF;MERTK;MYL12A;NKX3-1;NCOA4;SELENOP;PTK2B;ANKH;TMEM50A;ITGAV;PLPP1;SEC24D;MAP7;ACTN1;ALDH1A3;UAP1;TPD52;NDRG1;FKBP5;CCND3;ABCC4;HSD17B14;SLC26A2;KRT8;RPS6KA3;GUCY1A1;GSR;ELOVL5;ADAMTS1;LMAN1;ARID5B;AZGP1;SMS;SPCS3;UBE2J1;H1-0;XRCC6;SLC38A2;DNAJB9;PMEPA1;SORD;VAPA;GNAI3;HPGD;GPD1L;SCD;ADRM1;SRF;DHCR24","TCGA-GBM"
"HALLMARK_PROTEIN_SECRETION",1.43620295467546e-14,2.56464813334903e-14,0.97599468306432,0.67941363214814,2.34507041179635,96,"CTSC;M6PR;LAMP2;PPT1;VAMP3;GLA;GALC;SNX2;SNAP23;AP2M1;CD63;SEC24D;ATP1A1;VAMP7;PAM;STX7;ARFIP1;AP3S1;TPD52;SGMS1;STX12;RER1;TMED10;BET1;AP2S1;VPS4B;SSPN;RAB9A;RPS6KA3;CLTA;TMX1;TMED2;LMAN1;SOD1;TSPAN8;ATP6V1H;KRT18;ARF1;ADAM10;SEC22B;TSG101;RAB14;ABCA1;SCAMP3;AP3B1;YKT6;NAPA;CAV2;STX16;USO1;COPB1;SEC31A;VAMP4;RAB2A;ERGIC3;STAM;ARFGAP3","TCGA-GBM"
"HALLMARK_PI3K_AKT_MTOR_SIGNALING",1.8358745942882e-14,3.16530102463483e-14,0.97599468306432,0.674169465243698,2.34214222595972,105,"DAPP1;RPS6KA1;SLA;MKNK1;LCK;IL2RG;CXCR4;GRB2;FASLG;SQSTM1;TNFRSF1A;ARPC3;MYD88;CDKN1A;PFN1;IRAK4;ACTR3;RALB;ACTR2;AP2M1;DUSP3;PRKCB;GRK2;MAP2K3;SFN;PPP1CA;CAB39;RIPK1;NOD1;CFL1;STAT2;RAC1;UBE2D3;CALR;ARHGDIA;NCK1;RPS6KA3;YWHAB;ATF1;GNA14;MAPK9;ARF1;HSP90B1;PRKAG1;MAPKAP1;NGF;RIT1;PTEN;TIAM1;NFKBIB;TBK1;AKT1S1;DDIT3;PLA2G12A;UBE2N;HRAS;THEM4;EIF4E;CSNK2B;PRKAR2A;ADCY2;CLTC","TCGA-GBM"
"HALLMARK_REACTIVE_OXYGEN_SPECIES_PATHWAY",2.04036832426069e-14,3.40061387376782e-14,0.97599468306432,0.792473911149951,2.52346234428622,49,"HHEX;FTL;GLRX;LSP1;MGST1;CAT;SOD2;JUNB;NQO1;FES;MBP;ATOX1;GCLM;PRDX6;G6PD;PRNP;TXNRD1;PRDX1;GPX3;IPCEF1;PDLIM1;MPO;GPX4;GCLC;TXN;GSR;SOD1;SBNO2;HMOX2;LAMTOR5;ABCC1;PTPA;SELENOS;NDUFB4;PRDX4","TCGA-GBM"
"HALLMARK_BILE_ACID_METABOLISM",6.51375377756585e-14,1.05060544799449e-13,0.954541630725724,0.655187938830858,2.28631748463052,111,"ACSL1;CH25H;ACSL5;LCK;AQP9;HSD17B11;CAT;HSD3B7;SLC29A1;ABCD1;GSTK1;CYP27A1;GCLM;SULT1B1;CROT;NPC1;ALDH1A1;CYP7B1;HSD17B4;SCP2;RETSAT;OPTN;AMACR;IDH1;PAOX;ALDH9A1;ABCA8;FDXR;PECR;PHYH;ABCA2;SOD1;ISOC1;SLC27A2;RXRA;ABCA1;CYP39A1;PEX19;PEX16;NR1I2;SOAT2;PNPLA8;BBOX1;ABCA4;DIO2;PRDX5;CYP8B1;EPHX2;PEX12;HAO1;DHCR24;KLF1;AR;NUDT12;SULT2B1;PEX7;BCAR3;PEX13;SLC35B2;CYP46A1;RXRG;RBP1;ABCA6","TCGA-GBM"
"HALLMARK_TGF_BETA_SIGNALING",1.18410297930877e-13,1.85016090516995e-13,0.943632225232838,0.771232030391036,2.47372415723652,54,"TGFB1;TGFBR1;IFNGR2;JUNB;LTBP2;ENG;RHOA;FURIN;WWTR1;LEFTY2;SERPINE1;SMAD6;SMAD7;FKBP1A;PPP1CA;RAB31;UBE2D3;ACVR1;THBS1;ID3;SLC20A1;CTNNB1;ID2;SMAD1;PPP1R15A;ID1;SKI;KLF10;TGIF1;PMEPA1;FNTA;HDAC1;SKIL;BMP2;CDKN1C;NCOR2;CDK9","TCGA-GBM"
"HALLMARK_UV_RESPONSE_DN",1.75931868032179e-13,2.66563436412392e-13,0.943632225232838,0.618625551884308,2.20058763397747,143,"PPARG;PIK3CD;TGFBR2;DAB2;ANXA4;DUSP1;EFEMP1;GCNT1;ANXA2;SDC2;RUNX1;NFKB1;NRP1;SERPINE1;SMAD7;COL1A1;BHLHE40;MET;CITED2;LPAR1;FBLN5;PMP22;SYNJ2;COL1A2;SNAI2;COL3A1;NEK7;RND3;ITGB3;ATP2C1;MAP1B;KCNMA1;CCN1;FHL2;GRK5;HAS2;CAV1;ABCC1;GJA1;PTGFR;MGMT;SIPA1L1;F3;VLDLR;ADD3;RXRA;MT1E;AGGF1;ID1;MAPK14;PTEN;RGS4;MGLL;MAP2K5;FZD2;CAP2;CELF2;ATP2B4;TFPI;PRKAR2B;NR3C1;RBPMS;LTBP1;PEX14;COL5A2;MYC;IRS1;ERBB2;SPOP;PTPRM;PDGFRB;NR1D2;ATP2B1;CACNA1A;BCKDHB;WDR37","TCGA-GBM"
"HALLMARK_PEROXISOME",2.57064044103527e-13,3.78035358975775e-13,0.932595211336209,0.663799766319666,2.30824733292814,104,"ACSL1;SLC25A19;ACSL5;DHRS3;MVP;ACSL4;HSD17B11;TSPO;CAT;HSD3B7;SOD2;YWHAH;ABCD1;GSTK1;HMGCL;STS;ALDH1A1;PABPC1;PRDX1;HSD17B4;SCP2;RETSAT;ACAA1;IDH1;ALDH9A1;VPS4B;ELOVL5;CLN6;SEMA3C;ITGB1BP1;SOD1;PEX11B;ISOC1;BCL10;SLC27A2;NUDT19;CLN8;CNBP;ECI2;FIS1;NR1I2;CDK7;PEX2;CRAT;PRDX5;EPHX2;ECH1;ABCB1;UGT2B17;DHCR24;IDE;PEX14;SLC25A17;CADM1;HRAS;SULT2B1;EHHADH;PEX13;SLC35B2;RXRG;ERCC1","TCGA-GBM"
"HALLMARK_MYC_TARGETS_V1",2.27596136479739e-12,3.25137337828199e-12,0.898671232061694,0.561582147078076,2.03444758725821,199,"PRDX3;HPRT1;ETF1;PRPS2;PABPC1;AP3S1;LDHA;FAM120A;VDAC1;PCBP1;UBE2L3;PSMA1;EEF1B2;PABPC4;PSMB2;CANX;RPL34;PSMA4;MRPS18B;CNBP;RPS6;PTGES3;UBE2E1;XRCC6;EIF4G2;PRDX4;EIF3D;STARD7;PGK1;ACP1;NPM1;SSBP1;NAP1L1;GOT2;NHP2;COX5A;MRPL23;PPIA;CUL1;SRM;PSMC4;RPS3;HSPE1;RPL14;SERBP1;PSMB3;RACK1;POLE3;PSMD1;YWHAQ;APEX1;HDDC2;PSMD14;SRSF2;EIF3J;NCBP2;EIF1AX;MYC;TXNL4A;EIF2S2;HNRNPA2B1;GLO1;IFRD1;EIF4E;SSB;COPS5;PSMA7;TARDBP;PSMD8;YWHAE;PPM1G;HNRNPD;RSL1D1;SLC25A3;NOP16;MRPL9;CBX3;RPL6;RPS2;SF3A1;PSMD7;TFDP1;RAD23B;PHB2;SNRPB2;EIF4H;C1QBP;DDX21;RPLP0;RAN;HDGF;TUFM;VBP1;PA2G4;H2AZ1;MCM5;SNRPA1;CCT4;G3BP1;NDUFAB1;CCT7;BUB3;POLD2;ERH;VDAC3;PSMC6;RPL22;ABCE1;NOLC1;EXOSC7;DEK;DUT;SRSF7;HNRNPA3;SNRPD1;HSPD1;SRSF3;TYMS;TRA2B;EIF2S1;SNRPG;HSP90AB1;PSMA6;LSM2;GSPT1;PRPF31;PWP1","TCGA-GBM"
"HALLMARK_DNA_REPAIR",2.17462331502182e-11,3.02031015975253e-11,0.863415391606693,0.591809504454256,2.11022387556688,149,"HCLS1;PDE6G;POLD4;RRM2B;BCAP31;CMPK2;STX3;GSDME;AK3;HPRT1;SDCBP;MPC2;COX17;APRT;DDB2;TAF13;GMPR2;PNP;ELL;TK2;RBX1;NUDT9;POLE4;CETN2;GPX4;SURF1;DCTN4;TMED2;CANT1;SEC61A1;ADA;TAF12;EIF1B;CDA;SNAPC5;MRPL40;TSG101;CLP1;NME3;POLR1D;ITPA;POLR3GL;TAF9;DAD1;GTF2B;BCAM;VPS28;POLR2K;GTF2H5;GUK1;GTF2H1;EDF1;RALA;XPC;GTF2A2;ADRM1;AK1;POLR2A;POLR2J;NCBP2;NME4;CCNO;POLL;POLR2G;POLR2E;ARL6IP1;ERCC1;RPA3;RPA2","TCGA-GBM"
"HALLMARK_UNFOLDED_PROTEIN_RESPONSE",1.59165599132104e-10,2.15088647475817e-10,0.826657301178302,0.609269359167311,2.12659142691603,112,"HERPUD1;CCL2;CEBPB;NABP1;WIPI1;ATP6V0D1;SHC1;BAG3;XBP1;HSPA5;PDIA5;EDEM1;PREB;ATF3;SERP1;IFIT1;SEC11A;CALR;SRPRA;MTHFD2;SPCS1;KDELR3;YWHAZ;PDIA6;POP4;HSP90B1;WFS1;DNAJA4;PARN;SLC30A5;IGFBP1;DNAJC3;SPCS3;ERO1A;SLC7A5;EXOSC1;DNAJB9;SSR1;SDAD1;NPM1;IMP3;DDIT4;SEC31A;NHP2;BANF1;EIF4A3;RPS14;TATDN2;EXOSC4;EIF4G1;DCTN1;LSM1;EIF4E;FUS;CHAC1;ATF6;SRPRB","TCGA-GBM"
"HALLMARK_CHOLESTEROL_HOMEOSTASIS",1.6290084086085e-09,2.14343211659014e-09,0.788186810800237,0.658919638763295,2.21203820627232,74,"PPARG;LGMN;CXCL16;PLAUR;S100A11;PLSCR1;CLU;ANXA13;NIBAN1;LGALS3;PNRC1;GUSB;FBXO6;ETHE1;ANTXR2;ATF5;ATF3;GPX8;ACTG1;FABP5;PDK3;SEMA3B;ABCA2;PMVK;TNFRSF12A;CTNNB1;TP53INP1;ACSS2;NFIL3;AVPR1A;HSD17B7;CPEB2;ERRFI1;GNAI1;STX5;ALCAM;ANXA5;STARD4;SCD;ECH1","TCGA-GBM"
"HALLMARK_ANGIOGENESIS",2.43542110235366e-06,3.12233474660726e-06,0.627256739718528,0.699258850068055,2.12375056364472,36,"OLR1;SPP1;S100A4;THBD;TIMP1;SERPINA5;NRP1;CXCL6;ITGAV;LUM;KCNJ8;COL3A1;LRPAP1;APP;FSTL1;STC1;SLCO2A1;APOH;TNFRSF21;MSX1;PF4;COL5A2;POSTN;JAG2","TCGA-GBM"
"HALLMARK_APICAL_SURFACE",1.39896463554445e-05,1.74870579443056e-05,0.593325476396405,0.636014114011645,1.9731599104389,44,"LYN;B4GALT1;PLAUR;IL2RB;IL2RG;CRYBG1;MAL;HSPB1;DCBLD2;GATA3;LYPD3;FLOT2;APP;THY1;ADAM10;ATP8B1;ADIPOR2;NTNG1;SRPX","TCGA-GBM"
"HALLMARK_KRAS_SIGNALING_DN",4.46839094599111e-05,5.44925725120867e-05,0.557332238758646,0.448882793470561,1.62621580010473,200,"SLC29A3;SGK1;KCNMB1;CD80;COPZ2;CHST2;SELENOP;PTPRJ;BTG2;PLAG1;SYNPO;PDCD1;RSAD2;MX1;AKR1B10;MEFV;MAST3;CD40LG;TENT5C;CACNA1F;SERPINB2;EGF;EFHD1;LYPD3;RYR1;HTR1D;PDE6B;IFI44L;KCND1;SOX10;IFNG;DTNB;MAGIX;NR4A2;IL12B;TCL1A;PTGFR;SIDT1;PDK2;CCR8;THNSL2;CYP39A1;ACTC1;KRT1;MYOT;NOS1;MFSD6;KLK7;ZC2HC1C;GAMT;SKIL;KRT13;CLDN16;UGT2B17;GDNF;TGFB2;CAPN9;KLK8;INSL5;CCDC106;ABCB11;CPEB3;MTHFR;LGALS7;CPB1;TSHB;PKP1;P2RX6;CKM;EDN1;TFAP2B","TCGA-GBM"
"HALLMARK_NOTCH_SIGNALING",0.00113884709105534,0.00135577034649445,0.45505986738723,0.614367099817452,1.80771539741862,32,"WNT5A;ARRB1;DTX2;FZD7;PPARD;WNT2;RBX1;ST3GAL6;PSENEN;SAP30;FZD1;SKP1;APH1A;FZD5;CUL1","TCGA-GBM"
"HALLMARK_MITOTIC_SPINDLE",0.0012402554449214,0.00144215749409466,0.45505986738723,0.412243352084171,1.49407767377974,198,"ARHGAP4;DOCK2;ARHGAP27;GSN;BIN1;CAPZB;PCGF5;EPB41L2;SYNPO;ABI1;CD2AP;MYH9;NCK2;WASF2;PXN;SSH2;RALBP1;MAP3K11;CDC42;RAPGEF5;ARF6;MYO1E;ARHGEF3;ARHGAP29;SHROOM1;ABR;TUBA4A;FGD4;DOCK4;ARHGDIA;NCK1;PALLD;MID1IP1;CDC42EP1;CSNK1D;ANLN;VCL;MAP1S;PKD2;STK38L;PREX1;TIAM1;CLIP1;TUBGCP2;SUN2;UXT;FLNA;RANBP9;RAPGEF6;NEDD9;ACTN4;EZR;BCL2L11;ARFIP2;ARL8A;CTTN;YWHAE;MAPRE1;RAB3GAP1;FSCN1;FLNB;KIF3B;MARCKS;CDC42EP4","TCGA-GBM"
"HALLMARK_PANCREAS_BETA_CELLS",0.00901581062283262,0.010245239344128,0.380730400722792,0.518289289984042,1.58922098190962,40,"MAFB;VDR;SEC11A;LMO2;DPP4;SRP14;NEUROG3;SPCS1;PCSK1;SST;SRP9;NKX6-1;FOXA2;SRPRB;FOXO1","TCGA-GBM"
"HALLMARK_WNT_BETA_CATENIN_SIGNALING",0.0490430622009569,0.0544922913343966,0.222056046145248,0.469062720769483,1.44327299174432,42,"DKK1;NUMB;PPARD;LEF1;NCSTN;CTNNB1;FZD1;HDAC11;FRAT1;GNAI1;CUL1;NCOR2;RBPJ;FZD8;MYC;ADAM17;JAG2;WNT5B","TCGA-GBM"
"HALLMARK_HEDGEHOG_SIGNALING",0.0507859733978235,0.0552021449976342,0.219250346703755,0.482060846314479,1.464088719037,36,"ETS2;NRP1;PML;MYH9;NRP2;NRCAM;SCG2;THY1;VLDLR;CELSR1;NKX6-1;UNC5C;GLI1;LDB1;AMOT;RASA1;ACHE;DPYSL2;TLE3","TCGA-GBM"
"HALLMARK_SPERMATOGENESIS",0.0992761116856256,0.105612884771942,0.140406238523342,0.350903796464501,1.24157482555236,133,"SLC2A5;POMC;ACRBP;SEPTIN4;DPEP3;TALDO1;MAP7;GFI1;TLE4;HSPA2;DMC1;TKTL1;ACE;PHKG2;PSMG1;AGFG1;IL13RA2;NEFH;NOS1;PEBP1;SCG5;RPL39L;ZC2HC1C;ELOVL3;SHE;GMCL1;IDE;SLC12A2;MLF1;ADCYAP1;PRKAR2A;TULP2;TSN;HSPA1L;PACRG;GSTM3;PGK2;SIRT1;NPHP1;RAD17;PGS1;CNIH2;TUBA3C;OAZ3;VDAC3","TCGA-GBM"
"HALLMARK_MYC_TARGETS_V2",0.112627986348123,0.117320819112628,0.138022242496643,0.400703620983014,1.29688099244152,57,"DUSP2;HK2;MAP3K6;SORD;NPM1;NIP7;SRM;HSPE1;TFB2M;MYC;NOP16;CBX3;IMP4;TCOF1;PA2G4;MCM5;RCL1;SLC19A1;UNG;NOLC1;HSPD1;MPHOSPH10;GRWD1;NOC4L;PRMT3;PPRC1;PUS1;SUPV3L1;BYSL;DCTPP1;DDX18;MRTO4;PES1;SLC29A2;WDR43;NDUFAF4;RABEPK","TCGA-GBM"
"HALLMARK_G2M_CHECKPOINT",0.433868266061116,0.442722720470526,0.203508959461977,-0.17292570878698,-0.933521284976315,199,"PRC1;KIF15;ESPL1;BARD1;POLE;KIF22;POLQ;KIF2C;H2BC12;LIG3;CENPF;TRAIP;EXO1;TOP2A;NSD2;GINS2;CDC25A;KNL1;NUSAP1;CCNF;RACGAP1;NEK2;TPX2;AURKA;KIF23;AURKB;UBE2C;PLK4;ORC6;UBE2S;TTK;MCM2;RBL1;SMARCC1;TROAP;BUB1;BRCA2;STIL;RAD54L;KIF4A;CHAF1A;MKI67;FANCC;WRN;E2F2;CCNA2;PBK;BIRC5;EZH2;CCNB2;CDC45;MNAT1;INCENP;CDC20;CHEK1;SQLE;E2F1;MYBL2;CDC6","TCGA-GBM"
"HALLMARK_E2F_TARGETS",1,1,NA,-0.132170602132836,-0.716470205719119,200,"SPC24;ESPL1;BARD1;POLE;KIF22;RNASEH2A;SPAG5;KIF2C;MXD3;ATAD2;TOP2A;GINS1;CDC25A;BUB1B;TBRG4;RACGAP1;WDR90;AURKA;AURKB;PLK4;LIG1;ORC6;UBE2S;MCM2;MELK;DIAPH3;BRCA2;UBE2T;KIF4A;DNMT1;MKI67;PRKDC;MCM7;PAN2;DLGAP5;NUP107;KIF18B;BIRC5;EZH2;CCNB2;HELLS;TRIP13;CDC20;GINS3;CHEK1;MYBL2;BRCA1;RFC3;CDCA3;MCM4;CENPE;SMC4;ILF3;CDCA8;LMNB1;PLK1;MSH2;MMS22L;RAD50;PDS5B;CBX5;EXOSC8;PRIM2;NUP205","TCGA-GBM"
